Category,Fill-in instructions,Example (Nanwang · Garden Version),Weight,Failure mode → Fix action
Trait-conflict category,Exclude features that fully contradict the character's core traits,"Mole below the right eye, heavy makeup, sharp eyes, dark lip gloss, short hair, dyed hair, exaggerated accessories, red dress, leather jacket, torn clothing, aggressive limbs, big laugh, grimacing expression",1.2,Mole gone/shifted → raise the feature weight to ≥1.6 + add --cref; outfit replaced → raise the weight + add detail words
Proportion-deformity category,Exclude limb and facial proportion problems,"Deformed limbs, extra fingers, missing fingers, fused fingers, mismatched pupils, skewed facial features, wrong head-to-body ratio, legs too long, arms too short",1.3,Hand failure → add hand-specific negative words + lower --stylize + inpaint; wrong head-to-body ratio → check the Aspect Ratio Baselines and fix the version ratio words
Temperament-conflict category,Exclude atmosphere elements that clash with the core temperament,"Noisy scenes, dark atmosphere, gore, mechanical elements, cyber elements, running hard, aggressive movements",1.1,Temperament drift (crying face / big laugh) → move the temperament words to the sentence start + add temperament negative words
Outfit-misplacement category,Exclude outfit replacement and layering errors,"Inner layer worn outside, outer layer tucked in, no hem pattern, missing accessories, mixed outfits, plain dress turned gown, mismatched shoes and socks",1.2,"Layering error → split the outfit description into a single front-placed sentence + add ""one-piece / correct layering"" positive words"
Scene-conflict category,Exclude elements contradicting the current scene,"Snowfall, ice, indoor scenes, city buildings, modern tech products, industrial elements",0.9,"Scene confusion → move the main scene description to the midground layer, weight ≥0.9"
Color-conflict category,Exclude colors clashing with the scene + character palette,"Large areas of black, fluorescent colors, high-saturation orange, red over 10% of the frame",1,Palette failure → add Character Anchors palette positive words (primary / secondary / accent) + color negative words
Quality-issue category,Exclude common generation quality defects,"Blurry, noisy, pixelated, low resolution, torn image, watermark, signature, garbled text",0.8,"Poor quality → switch to a high-resolution model / upscale-fix tools; watermark → add ""no watermark, no text"""
Hand-detail category,Hand-specific; the failure hot zone gets its own row,"Six fingers, fingers bending the wrong way, uneven finger thickness, abnormal wrist, oversized palm",1.3,Hand failure → inpaint + hand LoRA (SD) / hand negative words (limited effect on MJ)
Lighting-error category,Contradictory light sources and shadow errors,"Multiple shadows, contradictory light direction, blown-out face, no shadow",1,Lighting contradiction → unify the light direction/type in Composition & Shots; keep only one light-source description
