构图 · 镜头 · 光影 · 分层 · 姿态（本次生成配置）,,,,,,,,,,,,,,,,,,,,,,,,,
构图类型从下方参考表选择并套用句式模板；其余字段逐项填写，光影与姿态缺失是 v1 出图「情绪不对」的主要根因。,,,,,,,,,,,,,,,,,,,,,,,,,
,,,,,,,,,,,,,,,,,,,,,,,,,
A. 本次配置填写区,,,,,,,,,,,,,,,,,,,,,,,,,
维度,可选值 / 说明,本次选择（示例）,负面词（排除冲突）,备注,,,,,,,,,,,,,,,,,,,,,
标准比例,按用途选画幅，校验需核对匹配,单人立绘 3:4,—,头像1:1 / 分镜16:9,,,,,,,,,,,,,,,,,,,,,
构图类型,从参考表 B 选择,三分法构图,"主体居中僵硬, 边缘裁切",见参考表 B,,,,,,,,,,,,,,,,,,,,,
机位,仰视 / 平视 / 俯视 / 低角度,平视,"俯视透视, 仰视透视",仰视显气场，俯视显弱小,,,,,,,,,,,,,,,,,,,,,
景别,特写 / 近景 / 中景 / 全景 / 远景,中景（半身）,"远景特写混淆, 裁切头部",情绪戏用特写,,,,,,,,,,,,,,,,,,,,,
焦段,35mm / 50mm / 85mm / 微距,85mm 人像,"广角畸变, 桶形畸变",85mm 最利于人像,,,,,,,,,,,,,,,,,,,,,
景深,浅景深 / 深景深,浅景深,"背景过度清晰, 虚化不均",浅景深突出主体,,,,,,,,,,,,,,,,,,,,,
光源方向,顺光 / 侧光 / 逆光 / 顶光,侧逆光,"多重阴影, 光源方向矛盾",逆光需补发丝光,,,,,,,,,,,,,,,,,,,,,
光源类型,自然光 / 烛光 / 月光 / 霓虹…,自然日光,人造光源混杂,单一光源更稳定,,,,,,,,,,,,,,,,,,,,,
色温 / 时间,golden hour / blue hour / 正午…,golden hour（黄昏暖光）,"冷白日光灯感, 阴天灰蒙",golden hour 情绪最稳,,,,,,,,,,,,,,,,,,,,,
天气,晴 / 多云 / 雨 / 雪 / 雾,晴朗,"阴雨, 飘雪, 起雾",天气与场景冲突类联动,,,,,,,,,,,,,,,,,,,,,
前景层,主体前方的元素，权重 0.5-0.8,虚化的雏菊花丛 (0.7),前景杂物遮挡面部,前景增强纵深,,,,,,,,,,,,,,,,,,,,,
中景层（主体）,角色所在层，权重 1.0-1.4,南望立于花丛间 (1.2),前景背景抢主体,主体层是锚点层,,,,,,,,,,,,,,,,,,,,,
背景层,环境元素，权重 0.7-0.9,春日花园围墙与天空 (0.8),"背景杂乱, 元素堆砌",背景描述克制,,,,,,,,,,,,,,,,,,,,,
遮挡关系,各层前后关系，避免层级错位,前景花丛遮裙摆下部，不遮脸,"花丛遮脸, 层级穿模",校验项「层级正确」依据,,,,,,,,,,,,,,,,,,,,,
姿态,站 / 坐 / 跑 / 跪 / 倚靠…,微微侧身站立,"大幅度奔跑, 攻击性动作",与气质违和类联动,,,,,,,,,,,,,,,,,,,,,
重心 / 手势,重心位置、手部动作,重心在右腿，双手自然垂落,"手势怪异, 握拳, 叉腰",手部细节类联动,,,,,,,,,,,,,,,,,,,,,
视线方向,看向镜头 / 侧视 / 低垂…,视线微微低垂,"直视镜头, 翻白眼",视线决定情绪,,,,,,,,,,,,,,,,,,,,,
衣袂动态,风吹方向、飘动程度,裙摆随风轻扬（方向右）,"衣袂静止, 暴风狂舞",与风向一致,,,,,,,,,,,,,,,,,,,,,
,,,,,,,,,,,,,,,,,,,,,,,,,
B. 构图类型参考表（套用句式模板，避免空写「三分法」三个字）,,,,,,,,,,,,,,,,,,,,,,,,,
构图类型,适用场景,描述句式模板,负面词,常见失败,,,,,,,,,,,,,,,,,,,,,
中心构图,头像特写 / 立绘主体,[主体]位于画面正中，四周留白均衡,"主体偏移, 边缘裁切",主体过大撑满画面,,,,,,,,,,,,,,,,,,,,,
三分法构图,双人互动 / 场景叙事,[主体]位于画面左/右三分之一处，视线引导至另一侧,"主体居中僵硬, 构图呆板",背景失衡，主体过小,,,,,,,,,,,,,,,,,,,,,
引导线构图,纵深场景 / 道路走廊,道路/栅栏/河流由近及远引导视线至[主体],"无纵深, 透视错乱",引导线截断主体,,,,,,,,,,,,,,,,,,,,,
框架式构图,门窗 / 树隙 / 拱桥,[主体]位于[窗框/门框]之内，框架遮挡部分背景,"框架遮挡面部, 框架变形",框架过重抢主体,,,,,,,,,,,,,,,,,,,,,
对角线构图,动态场景 / 奔跑 / 战斗,[主体]沿画面对角线分布，动作方向与对角线一致,"主体水平呆板, 失衡过度",倾斜过度失去稳定,,,,,,,,,,,,,,,,,,,,,
留白构图,意境 / 情绪 / 情绪特写,[主体]位于画面一角，大面积留白,"满铺, 无呼吸感",主体过小无法识别,,,,,,,,,,,,,,,,,,,,,
,,,,,,,,,,,,,,,,,,,,,,,,,
C. 双人互动空间关系（多角色场景必填）,,,,,,,,,,,,,,,,,,,,,,,,,
字段,说明,示例,,,,,,,,,,,,,,,,,,,,,,,
角色A / 角色B,引用【角色锚点】中的版本标签,南望·素裙花园版 / 宋玖凝·清冷疏离版,,,,,,,,,,,,,,,,,,,,,,,
站位关系,左右 / 前后 / 环绕…,南望在左前，宋玖凝在右后,,,,,,,,,,,,,,,,,,,,,,,
身高差 / 距离,两人相对高度与间距,宋玖凝高半个头，间距一臂,,,,,,,,,,,,,,,,,,,,,,,
视线连线,谁看谁、看向何处,宋玖凝低垂目光，南望仰视她,,,,,,,,,,,,,,,,,,,,,,,
互动接触点,牵手 / 并肩 / 错身…,无接触，仅有目光交汇
姿态差异（v2.4 新增）,各自站/坐/动态姿态，引用右表【姿态情绪映射参考表】,南望微微侧身站立，宋玖凝正身直立,,,,,,,,,,,,,,,,,,,,,,,,,
,,,,,,,,,,,,,,,,,,,,,,,,,
D. 姿态情绪映射参考表（v2.4 新增——修复 v1.0 姿态区仅有空填字格的问题，与【角色锚点】气质标签联动）,,,,,,,,,,,,,,,,,,,,,,,,,
使用前先查【角色锚点】子表的气质标签与权重，按气质行选择姿态组合，填回 A区【姿态/视线/重心/衣袂】四栏。禁止凭空手写。,,,,,,,,,,,,,,,,,,,,,,,,,
,,,,,,,,,,,,,,,,,,,,,,,,,
气质类型,适用锚点权重,推荐站姿/坐姿,视线方向,重心/手势,衣袂动态建议,禁止姿态（与负面词库联动）,常见失败模式
柔和安静·微怯,≥1.3,微微侧身站立或静坐·肢体收敛,微微低垂或看向地面·不直视镜头,重心在单腿·双手自然垂落或轻握于胸前,裙摆微飘·衣袂收敛·方向弱,挺胸叉腰·直视镜头·大幅度张开动作,姿态僵硬如木偶·视线游移·表情过度活跃
清冷疏离·克制,≥1.3,正身站立或倚靠·肢体线条直立,平视远方或微垂·目光不落于镜头,重心居中·双手自然垂落或环抱,衣袂静止或极微飘动·如无风,笑容·开放式动态·活跃肢体·视线直对,过于放松·表情暖意·身体明显倾斜
活泼外向·灵动,≥1.0,轻跳或前倾或半转身·动态线明显,直视镜头或随动作偏向一侧,重心前移·手部有所指向或自然摆动,裙摆上扬·发丝飞扬·衣角拉直,僵硬立正·视线呆滞·肢体收敛·面无表情,动作幅度过大导致肢体变形·重心不稳
威严庄重·肃穆,≥1.5,正身端坐或直立·不可歪斜,平视或微俯视·目光沉定不动,重心居中·双手负背或搭扶手,衣袂静止·袍摆垂地·无风,歪斜·松散·小动作·视线游移,身躯过于僵硬丢失气场·头身比失调
悲郁内敛·深沉,≥1.0,微微弓身或低坐或抱膝,低垂或闭眼或侧视·避免直视,重心下沉·双手环抱或掩面·肢体收紧,衣袂静止·发丝遮面·暗部氛围,直身昂首·大幅度舒展·表情明亮,姿势过度蜷缩导致主体不可辨认
冷酷锐利·警觉,≥1.3,侧身或半蹲或格斗站姿,锐利直视或扫视·目光锁定,重心压低·手按武器或虚握·警戒感,衣袂紧绷·随风骤起·方向明确,放松姿态·柔和视线·非对称松垮站姿,肢体僵硬无力量感·重心不稳,,,,,,,,,,,,,,,,,,,,,,,,,
,,,,,,,,,,,,,,,,,,,,,,,,,
,,,,,,,,,,,,,,,,,,,,,,,,,
,,,,,,,,,,,,,,,,,,,,,,,,,
,,,,,,,,,,,,,,,,,,,,,,,,,
,,,,,,,,,,,,,,,,,,,,,,,,,
,,,,,,,,,,,,,,,,,,,,,,,,,
,,,,,,,,,,,,,,,,,,,,,,,,,
,,,,,,,,,,,,,,,,,,,,,,,,,
,,,,,,,,,,,,,,,,,,,,,,,,,
,,,,,,,,,,,,,,,,,,,,,,,,,
,,,,,,,,,,,,,,,,,,,,,,,,,
,,,,,,,,,,,,,,,,,,,,,,,,,
,,,,,,,,,,,,,,,,,,,,,,,,,
,,,,,,,,,,,,,,,,,,,,,,,,,
,,,,,,,,,,,,,,,,,,,,,,,,,
,,,,,,,,,,,,,,,,,,,,,,,,,
,,,,,,,,,,,,,,,,,,,,,,,,,
,,,,,,,,,,,,,,,,,,,,,,,,,
,,,,,,,,,,,,,,,,,,,,,,,,,
,,,,,,,,,,,,,,,,,,,,,,,,,
,,,,,,,,,,,,,,,,,,,,,,,,,
,,,,,,,,,,,,,,,,,,,,,,,,,
,,,,,,,,,,,,,,,,,,,,,,,,,
,,,,,,,,,,,,,,,,,,,,,,,,,
,,,,,,,,,,,,,,,,,,,,,,,,,
,,,,,,,,,,,,,,,,,,,,,,,,,
,,,,,,,,,,,,,,,,,,,,,,,,,
,,,,,,,,,,,,,,,,,,,,,,,,,
,,,,,,,,,,,,,,,,,,,,,,,,,
,,,,,,,,,,,,,,,,,,,,,,,,,
,,,,,,,,,,,,,,,,,,,,,,,,,
,,,,,,,,,,,,,,,,,,,,,,,,,
,,,,,,,,,,,,,,,,,,,,,,,,,
,,,,,,,,,,,,,,,,,,,,,,,,,
,,,,,,,,,,,,,,,,,,,,,,,,,
,,,,,,,,,,,,,,,,,,,,,,,,,
,,,,,,,,,,,,,,,,,,,,,,,,,
,,,,,,,,,,,,,,,,,,,,,,,,,
,,,,,,,,,,,,,,,,,,,,,,,,,
,,,,,,,,,,,,,,,,,,,,,,,,,
,,,,,,,,,,,,,,,,,,,,,,,,,
,,,,,,,,,,,,,,,,,,,,,,,,,
,,,,,,,,,,,,,,,,,,,,,,,,,
,,,,,,,,,,,,,,,,,,,,,,,,,
,,,,,,,,,,,,,,,,,,,,,,,,,
,,,,,,,,,,,,,,,,,,,,,,,,,
,,,,,,,,,,,,,,,,,,,,,,,,,
,,,,,,,,,,,,,,,,,,,,,,,,,
,,,,,,,,,,,,,,,,,,,,,,,,,
,,,,,,,,,,,,,,,,,,,,,,,,,
,,,,,,,,,,,,,,,,,,,,,,,,,
,,,,,,,,,,,,,,,,,,,,,,,,,
,,,,,,,,,,,,,,,,,,,,,,,,,
,,,,,,,,,,,,,,,,,,,,,,,,,
,,,,,,,,,,,,,,,,,,,,,,,,,
,,,,,,,,,,,,,,,,,,,,,,,,,
,,,,,,,,,,,,,,,,,,,,,,,,,
,,,,,,,,,,,,,,,,,,,,,,,,,
,,,,,,,,,,,,,,,,,,,,,,,,,
,,,,,,,,,,,,,,,,,,,,,,,,,
,,,,,,,,,,,,,,,,,,,,,,,,,
,,,,,,,,,,,,,,,,,,,,,,,,,
,,,,,,,,,,,,,,,,,,,,,,,,,
,,,,,,,,,,,,,,,,,,,,,,,,,
,,,,,,,,,,,,,,,,,,,,,,,,,
,,,,,,,,,,,,,,,,,,,,,,,,,
,,,,,,,,,,,,,,,,,,,,,,,,,
,,,,,,,,,,,,,,,,,,,,,,,,,
,,,,,,,,,,,,,,,,,,,,,,,,,
,,,,,,,,,,,,,,,,,,,,,,,,,
,,,,,,,,,,,,,,,,,,,,,,,,,
,,,,,,,,,,,,,,,,,,,,,,,,,
,,,,,,,,,,,,,,,,,,,,,,,,,
,,,,,,,,,,,,,,,,,,,,,,,,,
,,,,,,,,,,,,,,,,,,,,,,,,,
,,,,,,,,,,,,,,,,,,,,,,,,,
,,,,,,,,,,,,,,,,,,,,,,,,,
,,,,,,,,,,,,,,,,,,,,,,,,,
,,,,,,,,,,,,,,,,,,,,,,,,,
,,,,,,,,,,,,,,,,,,,,,,,,,
,,,,,,,,,,,,,,,,,,,,,,,,,
,,,,,,,,,,,,,,,,,,,,,,,,,
,,,,,,,,,,,,,,,,,,,,,,,,,
,,,,,,,,,,,,,,,,,,,,,,,,,
,,,,,,,,,,,,,,,,,,,,,,,,,
,,,,,,,,,,,,,,,,,,,,,,,,,
,,,,,,,,,,,,,,,,,,,,,,,,,
,,,,,,,,,,,,,,,,,,,,,,,,,
,,,,,,,,,,,,,,,,,,,,,,,,,
,,,,,,,,,,,,,,,,,,,,,,,,,
,,,,,,,,,,,,,,,,,,,,,,,,,
,,,,,,,,,,,,,,,,,,,,,,,,,
,,,,,,,,,,,,,,,,,,,,,,,,,
,,,,,,,,,,,,,,,,,,,,,,,,,
,,,,,,,,,,,,,,,,,,,,,,,,,
,,,,,,,,,,,,,,,,,,,,,,,,,
,,,,,,,,,,,,,,,,,,,,,,,,,
,,,,,,,,,,,,,,,,,,,,,,,,,
,,,,,,,,,,,,,,,,,,,,,,,,,
,,,,,,,,,,,,,,,,,,,,,,,,,
,,,,,,,,,,,,,,,,,,,,,,,,,
,,,,,,,,,,,,,,,,,,,,,,,,,
,,,,,,,,,,,,,,,,,,,,,,,,,
,,,,,,,,,,,,,,,,,,,,,,,,,
,,,,,,,,,,,,,,,,,,,,,,,,,
,,,,,,,,,,,,,,,,,,,,,,,,,
,,,,,,,,,,,,,,,,,,,,,,,,,
,,,,,,,,,,,,,,,,,,,,,,,,,
,,,,,,,,,,,,,,,,,,,,,,,,,
,,,,,,,,,,,,,,,,,,,,,,,,,
,,,,,,,,,,,,,,,,,,,,,,,,,
,,,,,,,,,,,,,,,,,,,,,,,,,
,,,,,,,,,,,,,,,,,,,,,,,,,
,,,,,,,,,,,,,,,,,,,,,,,,,
,,,,,,,,,,,,,,,,,,,,,,,,,
,,,,,,,,,,,,,,,,,,,,,,,,,
,,,,,,,,,,,,,,,,,,,,,,,,,
,,,,,,,,,,,,,,,,,,,,,,,,,
,,,,,,,,,,,,,,,,,,,,,,,,,
,,,,,,,,,,,,,,,,,,,,,,,,,
,,,,,,,,,,,,,,,,,,,,,,,,,
,,,,,,,,,,,,,,,,,,,,,,,,,
,,,,,,,,,,,,,,,,,,,,,,,,,
,,,,,,,,,,,,,,,,,,,,,,,,,
,,,,,,,,,,,,,,,,,,,,,,,,,
,,,,,,,,,,,,,,,,,,,,,,,,,
,,,,,,,,,,,,,,,,,,,,,,,,,
,,,,,,,,,,,,,,,,,,,,,,,,,
,,,,,,,,,,,,,,,,,,,,,,,,,
,,,,,,,,,,,,,,,,,,,,,,,,,
,,,,,,,,,,,,,,,,,,,,,,,,,
,,,,,,,,,,,,,,,,,,,,,,,,,
,,,,,,,,,,,,,,,,,,,,,,,,,
,,,,,,,,,,,,,,,,,,,,,,,,,
,,,,,,,,,,,,,,,,,,,,,,,,,
,,,,,,,,,,,,,,,,,,,,,,,,,
,,,,,,,,,,,,,,,,,,,,,,,,,
,,,,,,,,,,,,,,,,,,,,,,,,,
,,,,,,,,,,,,,,,,,,,,,,,,,
,,,,,,,,,,,,,,,,,,,,,,,,,
,,,,,,,,,,,,,,,,,,,,,,,,,
,,,,,,,,,,,,,,,,,,,,,,,,,
,,,,,,,,,,,,,,,,,,,,,,,,,
,,,,,,,,,,,,,,,,,,,,,,,,,
,,,,,,,,,,,,,,,,,,,,,,,,,
,,,,,,,,,,,,,,,,,,,,,,,,,
,,,,,,,,,,,,,,,,,,,,,,,,,
,,,,,,,,,,,,,,,,,,,,,,,,,
,,,,,,,,,,,,,,,,,,,,,,,,,
,,,,,,,,,,,,,,,,,,,,,,,,,
,,,,,,,,,,,,,,,,,,,,,,,,,
,,,,,,,,,,,,,,,,,,,,,,,,,
,,,,,,,,,,,,,,,,,,,,,,,,,
,,,,,,,,,,,,,,,,,,,,,,,,,
,,,,,,,,,,,,,,,,,,,,,,,,,
,,,,,,,,,,,,,,,,,,,,,,,,,
,,,,,,,,,,,,,,,,,,,,,,,,,
,,,,,,,,,,,,,,,,,,,,,,,,,
,,,,,,,,,,,,,,,,,,,,,,,,,
,,,,,,,,,,,,,,,,,,,,,,,,,
